{"924": [22.514795, 120.514571], "924": [22.514795, 120.514571]}